date,adj_close,ema_20
2020-01-01,814.78,
2020-01-02,767.57,
2020-01-03,753.72,
2020-01-06,750.6,
2020-01-07,734.04,
2020-01-08,755.9,
2020-01-09,736.75,
2020-01-10,731.2,
2020-01-13,733.22,
2020-01-14,752.53,
2020-01-15,733.38,
2020-01-16,749.03,
2020-01-17,749.47,
2020-01-20,736.53,
2020-01-21,742.95,
2020-01-22,745.91,
2020-01-23,738.15,
2020-01-24,739.37,
2020-01-27,734.54,
2020-01-28,736.33,752.1205058970554
2020-01-29,745.4,751.4804577163835
2020-01-30,766.98,752.9566046005375
2020-01-31,750.2,752.6940708290578
2020-02-03,779.3,755.227968845338
2020-02-04,752.23,754.9424480029248
2020-02-05,750.48,754.5174529550272
2020-02-06,758.73,754.9186479116913
2020-02-07,762.87,755.6759195391493
2020-02-10,754.62,755.575355773516
2020-02-11,752.1,755.2443695093716
2020-02-12,745.72,754.3372866989553
2020-02-13,738.11,752.7918308228643
2020-02-14,749.69,752.4964183635439
2020-02-17,754.81,752.7167594717778
2020-02-18,745.7,752.0484966649419
2020-02-19,758.07,752.6219731730428
2020-02-20,762.57,753.5694042994196
2020-02-21,774.03,755.5180324613796
2020-02-24,783.11,758.1458388936292
2020-02-25,771.74,759.4405209037596
2020-02-26,764.27,759.9004712938778
2020-02-27,774.85,761.3242359325561
2020-02-28,783.68,763.4533563199317
2020-03-02,783.7,765.3816080989859
2020-03-03,785.66,767.3128835181301
2020-03-04,804.05,770.8116565164034
2020-03-05,795.81,773.1924511338889
2020-03-06,803.96,776.1226938830423
2020-03-09,801.36,778.5262468465621
2020-03-10,798.54,780.432318575461
2020-03-11,814.65,783.691145377798
2020-03-12,827.08,787.8234172465791
2020-03-13,839.52,792.7469013183335
2020-03-16,859.59,799.1129107165874
2020-03-17,860.26,804.9364430292933
2020-03-18,871.16,811.2434484550748
2020-03-19,866.64,816.5193105069725
2020-03-20,872.05,821.8079476015466
2020-03-23,870.35,826.4310002109231
2020-03-24,872.22,830.7918573336924
2020-03-25,881.91,835.6602518733407
2020-03-26,869.28,838.8621326473083
2020-03-27,902.36,844.9095485856599
2020-03-30,886.38,848.8591153870256
2020-03-31,867.37,850.6220567787374
2020-04-01,885.79,853.9713847045718
2020-04-02,898.77,858.2379194946127
2020-04-03,909.23,863.0943081141734
2020-04-06,919.87,868.5015168652045
2020-04-07,920.04,873.4099438304231
2020-04-08,905.55,876.470901560859
2020-04-09,907.15,879.3927204598249
2020-04-10,896.45,881.0172232731749
2020-04-13,912.55,884.0203448662057
2020-04-14,910.5,886.5422167837099
2020-04-15,897.33,887.5696247090709
2020-04-16,892.5,888.039184260588
2020-04-17,899.49,889.129738140532
2020-04-20,890.72,889.2811916509575
2020-04-21,877.9,888.1972686365806
2020-04-22,882.1,887.6165763854776
2020-04-23,886.34,887.4949976820988
2020-04-24,878.61,886.6488074266607
2020-04-27,871.51,885.2070162431693
2020-04-28,875.5,884.2825385057246
2020-04-29,853.03,881.3061062670841
2020-04-30,831.76,876.5874294797428
2020-05-01,821.33,871.3248171483388
2020-05-04,818.51,866.2948345627827
2020-05-05,823.41,862.2105646044224
2020-05-06,845.61,860.6295584516203
2020-05-07,859.0,860.4743624086088
2020-05-08,856.87,860.1310897982652
2020-05-11,856.92,859.8252717222399
2020-05-12,841.8,858.1085791772647
2020-05-13,841.86,856.5610954460966
2020-05-14,837.82,854.776229213135
2020-05-15,843.02,853.6565883356936
2020-05-18,830.81,851.4807227799133
2020-05-19,838.91,850.2835110865882
2020-05-20,862.39,851.4365100307226
2020-05-21,861.04,852.3511281230348
2020-05-22,867.61,853.8043540160791
2020-05-25,878.74,856.1791774431192
2020-05-26,872.74,857.7563986390126
2020-05-27,876.61,859.5519797210114
2020-05-28,877.16,861.2289340332961
2020-05-29,879.06,862.9271307920299
2020-06-01,867.18,863.3321659546937
2020-06-02,867.91,863.7681501494848
2020-06-03,876.03,864.9359453733433
2020-06-04,899.27,868.2058553377868
2020-06-05,915.15,872.6767262579976
2020-06-08,950.99,880.1351332810455
2020-06-09,938.23,885.6679777304697
2020-06-10,953.34,892.1129322323297
2020-06-11,956.87,898.2802720197269
2020-06-12,994.97,907.4888175416577
2020-06-15,980.89,914.4794063472141
2020-06-16,966.46,919.4299390760508
2020-06-17,956.42,922.9528020211887
2020-06-18,920.23,922.6934875429803
2020-06-19,911.89,921.6645839674584
2020-06-22,899.8,919.5822426372242
2020-06-23,902.59,917.9639338146314
2020-06-24,908.51,917.0635591656189
2020-06-25,939.55,919.2051249593694
2020-06-26,956.0,922.7093987727628
2020-06-29,946.46,924.9713607944044
2020-06-30,931.53,925.5959930996992
2020-07-01,940.15,926.9820889949659
2020-07-02,918.18,926.1437948049692
2020-07-03,948.82,928.3034333949721
2020-07-06,969.34,932.2116778335462
2020-07-07,961.54,935.0048513732085
2020-07-08,932.28,934.7453417186172
2020-07-09,955.37,936.7095948882727
2020-07-10,953.78,938.3353477560563
2020-07-13,975.42,941.8672193983367
2020-07-14,947.81,942.433198503257
2020-07-15,937.97,942.0081319791373
2020-07-16,938.43,941.6673575049338
2020-07-17,939.6,941.4704663139877
2020-07-20,932.36,940.6028028555127
2020-07-21,943.19,940.8492025835591
2020-07-22,925.44,939.3816594803629
2020-07-23,923.44,937.8634061965189
2020-07-24,925.81,936.7154627492314
2020-07-27,934.75,936.5282758207331
2020-07-28,947.1,937.535106694949
2020-07-29,928.3,936.6555727240014
2020-07-30,903.04,933.4540896074299
2020-07-31,924.17,932.5698905971984
2020-08-03,930.07,932.3318057784176
2020-08-04,917.91,930.9583004661873
2020-08-05,943.91,932.1917956598837
2020-08-06,946.25,933.5306722637043
2020-08-07,966.71,936.6906082385896
2020-08-10,968.27,939.6981693587239
2020-08-11,1004.58,945.8773913245598
2020-08-12,1036.72,954.5290683412684
2020-08-13,1032.49,961.9539189754333
2020-08-14,1050.96,970.4306885968206
2020-08-17,1063.59,979.3030039685519
2020-08-18,1090.22,989.8665274001185
2020-08-19,1071.72,997.6620962191548
2020-08-20,1085.38,1006.0161822935211
2020-08-21,1106.49,1015.5851173131857
2020-08-24,1071.91,1020.9493918547871
2020-08-25,1049.5,1023.6684973924265
2020-08-26,1011.4,1022.5000690693382
2020-08-27,1006.9,1021.0143482055917
2020-08-28,1020.31,1020.9472674241068
2020-08-31,1048.31,1023.5532419551442
2020-09-01,1050.13,1026.08436176894
2020-09-02,1081.33,1031.345851124279
2020-09-03,1054.9,1033.5891033981572
2020-09-04,1022.98,1032.5787125983327
2020-09-07,1022.36,1031.605501874682
2020-09-08,1029.84,1031.437358838998
2020-09-09,1029.65,1031.2671341876649
2020-09-10,991.74,1027.502645217411
2020-09-11,990.55,1023.9833456728958
2020-09-14,967.69,1018.6220746564295
2020-09-15,979.74,1014.9190199272458
2020-09-16,986.59,1012.2210180294128
2020-09-17,970.3,1008.2285401218496
2020-09-18,961.71,1003.7982029673877
2020-09-21,943.76,998.0802788752555
2020-09-22,943.07,992.8412046966598
2020-09-23,959.66,989.6810899636446
2020-09-24,943.02,985.2371766337736
2020-09-25,951.95,982.0669693353191
2020-09-28,943.25,978.3701151129078
2020-09-29,930.16,973.7786755783452
2020-09-30,928.74,969.489277904217
2020-10-01,911.81,963.9960133419106
2020-10-02,903.09,958.195440642681
2020-10-05,883.98,951.1273034386161
2020-10-06,915.59,947.7427983492241
2020-10-07,916.54,944.7711032683455
2020-10-08,905.36,941.0176648618364
2020-10-09,909.21,937.9883634464234
2020-10-12,907.74,935.1075669277163
2020-10-13,904.49,932.1916081726956
2020-10-14,914.85,930.5400264419627
2020-10-15,927.69,930.268595352252
2020-10-16,919.2,929.2144434139423
2020-10-19,910.04,927.3883059459478
2020-10-20,905.9,925.3418006177623
2020-10-21,868.73,919.9502005589278
2020-10-22,845.38,912.8482766961728
2020-10-23,866.52,908.4360598679658
2020-10-26,892.52,906.9202446424453
2020-10-27,888.88,905.2021261050695
2020-10-28,898.46,904.5600188569676
2020-10-29,903.85,904.4923980134469
2020-10-30,954.31,909.2369315359757
2020-11-02,973.92,915.3972237706447
2020-11-03,972.07,920.7946310305833
2020-11-04,955.74,924.122761408623
2020-11-05,928.48,924.5377365125636
2020-11-06,932.25,925.2722377970813
2020-11-09,919.93,924.7634532449783
2020-11-10,896.75,922.0955053168852
2020-11-11,886.67,918.7216476676581
2020-11-12,869.77,914.059585985024
2020-11-13,896.53,912.3901016054979
2020-11-16,911.11,912.268187166879
2020-11-17,911.35,912.1807407700334
2020-11-18,935.99,914.4482892681253
2020-11-19,937.67,916.6598807663992
2020-11-20,923.51,917.3122730743612
2020-11-23,949.19,920.3482470672791
2020-11-24,958.78,924.0084140132525
2020-11-25,941.26,925.6514222024665
2020-11-26,938.42,926.867477230803
2020-11-27,924.0,926.5943841612028
2020-11-30,901.37,924.1920618601358
2020-12-01,916.76,923.4842464448848
2020-12-02,948.63,925.8790801168005
2020-12-03,925.13,925.8077391532956
2020-12-04,934.88,926.6717639958389
2020-12-07,924.3,926.4458817105209
2020-12-08,916.57,925.5053215476142
2020-12-09,907.16,923.758148066889
2020-12-10,893.42,920.8688006319471
2020-12-11,894.55,918.3622481908093
2020-12-14,881.53,914.8544150297798
2020-12-15,886.18,912.123518360277
2020-12-16,885.73,909.6098499450125
2020-12-17,882.27,907.0060547121541
2020-12-18,868.21,903.3111923586157
2020-12-21,859.55,899.1434597530332
2020-12-22,871.58,896.5183683479825
2020-12-23,879.79,894.9251904100793
2020-12-24,864.66,892.042791323405
2020-12-25,866.55,889.6149064354618
2020-12-28,878.62,888.5677724892273
2020-12-29,852.56,885.1384608235867
2020-12-30,861.24,882.862416935626
2020-12-31,851.32,879.8583772274711
2021-01-01,860.4,878.0051984439025
2021-01-04,848.92,875.2351795444832
2021-01-05,821.68,870.1346862545324
2021-01-06,797.94,863.2590018493389
2021-01-07,798.95,857.1343350065448
2021-01-08,803.01,851.9796364344929
2021-01-11,790.26,846.101575821684
2021-01-12,799.66,841.6785686005713
2021-01-13,776.06,835.4291811148026
2021-01-14,775.45,829.7168781514881
2021-01-15,758.85,822.9676516608703
2021-01-18,750.25,816.0421610265017
2021-01-19,751.19,809.8657647382635
2021-01-20,739.86,803.1985490489051
2021-01-21,735.03,796.7063062823427
2021-01-22,748.64,792.1285628268815
2021-01-25,741.17,787.2753663671784
2021-01-26,752.61,783.9739029036376
2021-01-27,737.61,779.5582931032911
2021-01-28,744.94,776.2613128077396
2021-01-29,764.57,775.1478544450978
2021-02-01,730.86,770.9299635455646
2021-02-02,720.67,766.1433003507489
2021-02-03,728.44,762.5525098411538
2021-02-04,726.07,759.0779850943771
2021-02-05,731.21,756.423891275865
2021-02-08,723.55,753.2930444876873
2021-02-09,724.97,750.5956116793361
2021-02-10,723.23,747.9893629479708
2021-02-11,738.72,747.1065664767355
2021-02-12,742.4,746.6583220503796
2021-02-15,747.21,746.7108628074864
2021-02-16,741.97,746.2593520639163
2021-02-17,735.75,745.2584613911623
2021-02-18,730.32,743.8357507824802
2021-02-19,735.8,743.0704411841488
2021-02-22,730.51,741.8742086904203
2021-02-23,734.62,741.183331672285
2021-02-24,762.35,743.199204846353
2021-02-25,774.61,746.1907091467003
2021-02-26,770.38,748.4944511327288
2021-03-01,787.34,752.1940272153261
2021-03-02,781.87,755.0203103376759
2021-03-03,753.5,754.8755188769449
2021-03-04,740.13,753.4711837458073
2021-03-05,715.5,749.8548805319208
2021-03-08,711.26,746.1791776241188
2021-03-09,711.78,742.9030654694409
2021-03-10,733.55,742.0122973294941
2021-03-11,738.16,741.6454118695423
2021-03-12,735.54,741.0639440724431
2021-03-15,746.82,741.6121398750676
2021-03-16,717.39,739.3052694107754
2021-03-17,720.72,737.5352437526063
2021-03-18,731.01,736.9137919666439
2021-03-19,711.85,734.5267641602969
2021-03-22,726.79,733.7899294783639
2021-03-23,731.5,733.5718409566149
2021-03-24,726.33,732.8821418178896
2021-03-25,734.89,733.0733664066621
2021-03-26,765.22,736.1349505584086
2021-03-29,768.03,739.1725743147506
2021-03-30,771.77,742.2770910466791
2021-03-31,765.7,744.5078442803286
2021-04-01,754.29,745.4394781583926
2021-04-02,765.87,747.3852421433076
2021-04-05,754.37,748.0504571772782
2021-04-06,755.65,748.7742231603946
2021-04-07,749.45,748.8385828594046
2021-04-08,756.21,749.5406225870803
2021-04-09,761.06,750.6377061502154
2021-04-12,775.58,753.0131627073379
2021-04-13,768.77,754.5138138780676
2021-04-14,765.34,755.5448792230135
2021-04-15,752.16,755.2225097732027
2021-04-16,746.45,754.3870326519453
2021-04-19,751.82,754.1425533517601
2021-04-20,762.36,754.9251673182591
2021-04-21,750.01,754.4570561450917
2021-04-22,762.05,755.1801936550829
2021-04-23,780.95,757.6344609260274
2021-04-26,787.07,760.437845599739
2021-04-27,813.98,765.537098399764
2021-04-28,802.97,769.1021366474056
2021-04-29,785.3,770.6447903000336
2021-04-30,760.47,769.6757626524114
2021-05-03,781.25,770.7780709712295
2021-05-04,790.77,772.6820642120647
2021-05-05,790.29,774.3590104775823
2021-05-06,794.59,776.2857713844792
2021-05-07,778.81,776.5261741097669
2021-05-10,813.41,780.0389194326461
2021-05-11,815.63,783.4285461533466
2021-05-12,817.56,786.6791608054089
2021-05-13,828.57,790.668764538227
2021-05-14,836.07,794.9926917250625
2021-05-17,839.78,799.258149656009
2021-05-18,828.16,802.0107068316272
2021-05-19,835.52,805.2020680857579
2021-05-20,864.16,810.8171092204476
2021-05-21,885.43,817.9230988185002
2021-05-24,911.18,826.8047084548334
2021-05-25,903.16,834.0766409829446
2021-05-26,887.43,839.1579132702832
2021-05-27,885.78,843.5981120064467
2021-05-28,887.02,847.7335299105946
2021-05-31,904.85,853.1731937286331
2021-06-01,877.64,855.5033657544776
2021-06-02,902.16,859.9468547302416
2021-06-03,899.95,863.7566780892663
2021-06-04,893.4,866.5798516045743
2021-06-07,877.48,867.6179609755673
2021-06-08,851.69,866.1010123112276
2021-06-09,864.65,865.9628206625392
2021-06-10,866.14,865.9796948851546
2021-06-11,846.37,864.1121048960922
2021-06-14,826.98,860.5757139536072
2021-06-15,822.32,856.9323126246923
2021-06-16,847.35,856.0197114223407
2021-06-17,843.73,854.8492627154511
2021-06-18,821.24,851.6483805520749
2021-06-21,817.93,848.437106213782
2021-06-22,814.25,845.181191336279
2021-06-23,775.04,838.501077875681
2021-06-24,774.6,832.4152609351399
2021-06-25,771.69,826.6319027508409
2021-06-28,781.67,822.3498167745704
2021-06-29,807.99,820.9822151769922
2021-06-30,824.7,821.3362899220406
2021-07-01,821.04,821.3080718342271
2021-07-02,805.02,819.7568268976341
2021-07-05,842.63,821.9352243359547
2021-07-06,843.86,824.0232982087209
2021-07-07,844.41,825.9648888555093
2021-07-08,844.38,827.7187089645084
2021-07-09,847.73,829.6245462059838
2021-07-12,845.87,831.1717322816045
2021-07-13,837.47,831.771567302404
2021-07-14,829.56,831.5609418450322
2021-07-15,829.4,831.3551378597911
2021-07-16,821.62,830.4279818731443
2021-07-19,811.41,828.6167455042734
2021-07-20,813.29,827.1570554562473
2021-07-21,809.88,825.5116216032715
2021-07-22,832.13,826.1419433553409
2021-07-23,792.76,822.9627106548323
2021-07-26,808.65,821.5995953543721
2021-07-27,827.11,822.1243957968129
2021-07-28,796.57,819.6906438161641
2021-07-29,791.98,817.0515348812912
2021-07-30,787.0,814.1894839402158
2021-08-02,767.37,809.7304854697192
2021-08-03,756.94,804.7028201868887
2021-08-04,742.11,798.7415992167089
2021-08-05,765.81,795.6052564341652
2021-08-06,779.02,794.02570820234
2021-08-09,797.16,794.3242121830694
2021-08-10,807.83,795.6104776894439
2021-08-11,791.74,795.2418607666397
2021-08-12,784.58,794.2264454555311
2021-08-13,791.8,793.9953554121472
2021-08-16,774.7,792.1577025157522
2021-08-17,784.96,791.4722070380616
2021-08-18,781.87,790.5577111296748
2021-08-19,776.91,789.2579291173247
2021-08-20,787.16,789.0581263442461
2021-08-23,793.77,789.5068762162227
2021-08-24,788.93,789.4519356242015
2021-08-25,805.71,791.000322707611
2021-08-26,790.36,790.9393395926004
2021-08-27,799.44,791.748926298067
2021-08-30,808.29,793.324266650632
2021-08-31,804.11,794.3514793505718
2021-09-01,809.15,795.760862269565
2021-09-02,791.25,795.3312563391303
2021-09-03,804.73,796.2263747830226
2021-09-06,802.37,796.8114819465443
2021-09-07,795.15,796.6532455706829
2021-09-08,810.48,797.970079325856
2021-09-09,800.53,798.2138812948222
2021-09-10,780.55,796.5316068857915
2021-09-13,758.99,792.9562157538113
2021-09-14,767.58,790.5394333010673
2021-09-15,750.19,786.6966301295372
2021-09-16,774.19,785.5055224981527
2021-09-17,745.48,781.693567974519
2021-09-20,768.55,780.4417995959934
2021-09-21,771.77,779.6159139201844
2021-09-22,770.74,778.7705887849288
2021-09-23,763.49,777.3152946149356
2021-09-24,769.28,776.5500284611322
2021-09-27,769.06,775.8366924172149
2021-09-28,784.65,776.6760550441468
2021-09-29,786.57,777.6183355161328
2021-09-30,789.02,778.7042083241201
2021-10-01,784.17,779.2247599122991
2021-10-04,783.68,779.6490684920801
2021-10-05,788.33,780.4758238737868
2021-10-06,764.38,778.9428882667595
2021-10-07,746.14,775.8188036699253
2021-10-08,756.42,773.9712985585038
2021-10-11,759.05,772.550222505313
2021-10-12,756.84,771.0540108381404
2021-10-13,757.39,769.7526764726032
2021-10-14,762.43,769.0552787133076
2021-10-15,755.33,767.7481093120402
2021-10-18,745.05,765.5863846156556
2021-10-19,747.97,763.9086336998788
2021-10-20,735.1,761.1649542998904
2021-10-21,740.8,759.225434842758
2021-10-22,718.39,755.3363458101144
2021-10-25,731.99,753.1128843043892
2021-10-26,738.51,751.7221334182569
2021-10-27,742.2,750.8152635688991
2021-10-28,755.63,751.2738098956706
2021-10-29,778.58,753.8743994294163
2021-11-01,793.11,757.6111232932814
2021-11-02,767.15,758.5195877415402
2021-11-03,749.79,757.6881984328222
2021-11-04,741.65,756.1607509630296
2021-11-05,742.3,754.8406794427411
2021-11-08,749.51,754.3329956862897
2021-11-09,740.02,752.9698532399764
2021-11-10,742.8,752.00129578855
2021-11-11,733.0,750.1916485705929
2021-11-12,725.23,747.814348706727
2021-11-15,707.15,743.9415535918006
2021-11-16,695.69,739.3461675354386
2021-11-17,679.04,733.6027230082539
2021-11-18,667.38,727.2957970074677
2021-11-19,680.31,722.8209591972327
2021-11-22,668.95,717.6903916546391
2021-11-23,700.92,716.0932114970545
2021-11-24,707.42,715.267191354478
2021-11-25,710.06,714.7712683683371
2021-11-26,699.37,713.304480904686
2021-11-29,708.47,712.8440541518588
2021-11-30,701.41,711.7550966135865
2021-12-01,703.23,710.9431826503878
2021-12-02,735.92,713.3219271598747
2021-12-03,734.94,715.3807912398867
2021-12-06,750.44,718.7197635027546
2021-12-07,741.24,720.8645479310637
2021-12-08,741.07,722.7888766995338
2021-12-09,764.98,726.8070789186258
2021-12-10,756.66,729.6502142597092
2021-12-13,781.65,734.6025748064036
2021-12-14,791.92,740.0613772057937
2021-12-15,784.22,744.2669603290515
2021-12-16,793.46,748.9520117262847
2021-12-17,807.66,754.5432487047337
2021-12-20,817.03,760.4943678757115
2021-12-21,794.26,763.710142363739
2021-12-22,784.18,765.6596526148114
2021-12-23,781.0,767.1206380800675
2021-12-24,780.27,768.3729582629181
2021-12-27,789.3,770.366009856926
2021-12-28,792.14,772.4397232038855
2021-12-29,773.42,772.5330828987535
2021-12-30,779.02,773.1508845274436
2021-12-31,787.89,774.5546098105442
2022-01-03,796.15,776.6113136381114
2022-01-04,811.95,779.9769028154341
2022-01-05,824.46,784.2133882615832
2022-01-06,831.61,788.7273512842895
2022-01-07,830.89,792.7428416381666
2022-01-10,806.38,794.0416186250079
2022-01-11,812.94,795.8414644702452
2022-01-12,816.3,797.7898964254599
2022-01-13,820.62,799.9641920039876
2022-01-14,802.09,800.1666499083697
2022-01-17,786.8,798.893635631382
2022-01-18,802.03,799.1923369998218
2022-01-19,801.78,799.4387810950769
2022-01-20,811.94,800.6293733717363
2022-01-21,812.68,801.7770520982376
2022-01-24,813.44,802.8878090412627
2022-01-25,827.5,805.2318272278092
2022-01-26,820.15,806.6526055870654
2022-01-27,821.89,808.103786007345
2022-01-28,815.38,808.7967587685503
2022-01-31,809.33,808.847543647736
2022-02-01,805.15,808.4953966336659
2022-02-02,808.69,808.5139302876025
2022-02-03,802.05,807.8983178792594
2022-02-04,820.5,809.0984780812346
2022-02-07,807.61,808.9567182639742
2022-02-08,805.22,808.6008403340718
2022-02-09,799.17,807.7026650641601
2022-02-10,820.3,808.9024112485258
2022-02-11,823.53,810.2955149391424
2022-02-14,839.16,813.0445135163669
2022-02-15,817.06,813.4269408005225
2022-02-16,821.31,814.17770834333
2022-02-17,834.79,816.1407837392034
2022-02-18,836.36,818.0664233830887
2022-02-21,852.74,821.3686687751755
2022-02-22,845.14,823.6326050823017
2022-02-23,866.91,827.7542617411301
2022-02-24,903.13,834.9329034800701
2022-02-25,897.6,840.90119838673
2022-02-28,890.76,845.6496556832319
2022-03-01,914.42,852.1992122848288
2022-03-02,940.78,860.6354777815118
2022-03-03,932.3,867.4606703737487
2022-03-04,925.63,873.0006065286299
2022-03-07,921.3,877.6005487639984
2022-03-08,899.37,879.6738298340938
2022-03-09,884.86,880.1677508022752
2022-03-10,869.22,879.1251078687252
2022-03-11,857.56,877.0712880717037
2022-03-14,857.37,875.1949749220176
2022-03-15,861.32,873.8735487389683
2022-03-16,885.71,875.0008298114476
2022-03-17,870.14,874.5378936389288
2022-03-18,885.91,875.6209513876023
2022-03-21,882.85,876.3094322078306
2022-03-22,882.42,876.8913910451801
2022-03-23,893.49,878.4722109456391
2022-03-24,875.79,878.2167622841497
2022-03-25,882.17,878.5932611142307
2022-03-28,885.16,879.2186648176373
2022-03-29,893.37,880.5664110254814
2022-03-30,898.37,882.2619909278166
2022-03-31,938.44,887.6122775061197
2022-04-01,928.04,891.4625367912512
2022-04-04,919.54,894.1365809063701
2022-04-05,909.59,895.6083351057634
2022-04-06,900.86,896.1084936671193
2022-04-07,890.89,895.6114942702509
2022-04-08,910.31,897.0113519587985
2022-04-11,933.95,900.5293184389129
2022-04-12,924.73,902.8341452542546
2022-04-13,911.24,903.6347028490875
2022-04-14,919.34,905.1304454348888
2022-04-15,910.57,905.6484982506136
2022-04-18,921.31,907.1400698457933
2022-04-19,925.04,908.8448250985749
2022-04-20,900.17,908.018651279663
2022-04-21,925.61,909.694017824457
2022-04-22,955.9,914.0945875554611
2022-04-25,945.74,917.1084363597029
2022-04-26,939.52,919.2428709921121
2022-04-27,944.73,921.670216611911
2022-04-28,950.79,924.4435293155385
2022-04-29,962.44,928.0622408092968
2022-05-02,997.65,934.6896464465067
2022-05-03,994.87,940.4211086896966
2022-05-04,980.98,944.2838602430587
2022-05-05,957.01,945.4958735532437
2022-05-06,944.81,945.4305522624585
2022-05-09,944.62,945.353356808891
2022-05-10,975.51,948.2254180651871
2022-05-11,966.81,949.9953782494549
2022-05-12,971.09,952.0043898447449
2022-05-13,971.2,953.8325431928644
2022-05-16,992.36,957.501824793544
2022-05-17,1037.89,965.1578414798731
2022-05-18,1028.39,971.1799518151233
2022-05-19,1019.74,975.8047183089211
2022-05-20,1039.32,981.8537927556905
2022-05-23,1052.49,988.581050588482
2022-05-24,1087.89,998.0390457705313
2022-05-25,1099.76,1007.7267556971474
2022-05-26,1093.09,1015.8565884878952
2022-05-27,1105.15,1024.3607229176196
2022-05-30,1127.65,1034.1977969254654
2022-05-31,1144.75,1044.7265781706592
2022-06-01,1155.66,1055.2916659639297
2022-06-02,1178.31,1067.0076977768888
2022-06-03,1203.59,1080.0155360838517
2022-06-06,1234.01,1094.6816755044372
2022-06-07,1248.91,1109.3700873611574
2022-06-08,1245.66,1122.3500790410471
2022-06-09,1249.44,1134.4538810371378
2022-06-10,1277.08,1148.0373209383627
2022-06-13,1258.81,1158.5870998966138
2022-06-14,1267.67,1168.9759475255078
2022-06-15,1259.2,1177.5687144278404
2022-06-16,1260.35,1185.4526463870936
2022-06-17,1289.86,1195.3962038740372
2022-06-20,1294.81,1204.8641844574622
2022-06-21,1296.41,1213.5828335567517
2022-06-22,1265.2,1218.4987541703945
2022-06-23,1282.7,1224.6131585351188
2022-06-24,1298.12,1231.6138101032027
2022-06-27,1349.18,1242.8105900933738
2022-06-28,1342.25,1252.281010084481
2022-06-29,1348.08,1261.4047234097686
2022-06-30,1354.67,1270.2871307040764
2022-07-01,1393.68,1282.0388325417834
2022-07-04,1391.84,1292.4960865854232
2022-07-05,1399.39,1302.6764592915733
2022-07-06,1415.26,1313.3987012638045
2022-07-07,1420.58,1323.606444000585
2022-07-08,1409.74,1331.809639810053
2022-07-11,1415.23,1339.7544360186193
2022-07-12,1443.14,1349.600680207322
2022-07-13,1417.05,1356.0244249494817
2022-07-14,1421.01,1362.2135273352453
2022-07-15,1403.67,1366.1617628271267
2022-07-18,1434.43,1372.6634997007338
2022-07-19,1395.67,1374.8545949673307
2022-07-20,1382.19,1375.553204970442
2022-07-21,1392.13,1377.1319473542096
2022-07-22,1431.91,1382.3489047490468
2022-07-25,1430.79,1386.9623423919948
2022-07-26,1417.07,1389.829738354662
2022-07-27,1465.62,1397.0478585113608
2022-07-28,1428.0,1399.995681510279
2022-07-29,1372.06,1397.335140414062
2022-08-01,1383.47,1396.0146508508178
2022-08-02,1371.52,1393.6818269602636
2022-08-03,1346.86,1389.2226053450004
2022-08-04,1364.57,1386.874738169286
2022-08-05,1371.1,1385.3723821531635
2022-08-08,1357.73,1382.7397743290526
2022-08-09,1326.99,1377.430272012
2022-08-10,1348.36,1374.6616746775237
2022-08-11,1364.68,1373.7110389939498
2022-08-12,1362.79,1372.6709400421453
2022-08-15,1408.63,1376.0956124190839
2022-08-16,1382.06,1376.663649331552
2022-08-17,1344.66,1373.6156827285472
2022-08-18,1328.45,1369.314189135352
2022-08-19,1327.89,1365.3690282653185
2022-08-22,1334.24,1362.4043589067169
2022-08-23,1328.98,1359.2210866298867
2022-08-24,1337.94,1357.1943164746594
2022-08-25,1308.33,1352.5405720485014
2022-08-26,1342.85,1351.6176604248346
2022-08-29,1341.4,1350.6445499081838
2022-08-30,1368.92,1352.3850689645474
2022-08-31,1377.91,1354.8160147774474
2022-09-01,1389.79,1358.1468705129287
2022-09-02,1404.6,1362.570978083126
2022-09-05,1416.48,1367.7051706466377
2022-09-06,1433.44,1373.965630585053
2022-09-07,1468.3,1382.9498562436195
2022-09-08,1474.08,1391.6289175537509
2022-09-09,1493.49,1401.329973024822
2022-09-12,1491.67,1409.9337851176963
2022-09-13,1530.94,1421.4581865350585
2022-09-14,1512.91,1430.167883055529
2022-09-15,1562.56,1442.7766560978596
2022-09-16,1562.05,1454.1360221837776
2022-09-19,1522.45,1460.6421153091321
2022-09-20,1526.57,1466.9209614701672
2022-09-21,1508.47,1470.8780127587227
2022-09-22,1531.89,1476.6886782102729
2022-09-23,1514.51,1480.2907088569136
2022-09-26,1502.95,1482.4487365848267
2022-09-27,1452.44,1479.590761671986
2022-09-28,1441.19,1475.9335462746542
2022-09-29,1378.89,1466.6913037723061
2022-09-30,1340.13,1454.6378462701819
2022-10-03,1359.01,1445.5304323396883
2022-10-04,1378.77,1439.1722959263848
2022-10-05,1389.88,1434.4777915524435
2022-10-06,1366.25,1427.979906642687
2022-10-07,1365.62,1422.040867914812
2022-10-10,1366.08,1416.7112614467346
2022-10-11,1338.14,1409.228284166093
2022-10-12,1374.89,1405.95797138837
2022-10-13,1397.15,1405.11911697043
2022-10-14,1392.15,1403.883962973246
2022-10-17,1393.39,1402.884537928175
2022-10-18,1399.17,1402.530772411206
2022-10-19,1348.31,1397.3668893244246
2022-10-20,1342.85,1392.1748046268604
2022-10-21,1326.9,1385.9581565671594
2022-10-24,1303.51,1378.105951179811
2022-10-25,1297.43,1370.4225272579242
2022-10-26,1339.94,1367.519429423836
2022-10-27,1355.93,1366.4156742406135
2022-10-28,1342.53,1364.1408481224598
2022-10-31,1356.9,1363.4512435393685
2022-11-01,1391.63,1366.1349346308573
2022-11-02,1415.34,1370.8211313326804
2022-11-03,1417.43,1375.2600712057583
2022-11-04,1401.49,1377.758159662353
2022-11-07,1419.66,1381.7488111230812
2022-11-08,1430.29,1386.3717814923116
2022-11-09,1453.91,1392.8039927787581
2022-11-10,1471.11,1400.2617077522095
2022-11-11,1499.49,1409.712021299618
2022-11-14,1485.64,1416.9432573663212
2022-11-15,1521.47,1426.8981852361953
2022-11-16,1527.49,1436.4783580708436
2022-11-17,1585.16,1450.638514445049
2022-11-18,1566.13,1461.6377035455205
2022-11-21,1615.69,1476.3093508268994
2022-11-22,1622.09,1490.1932221767186
2022-11-23,1603.72,1501.0052962551265
2022-11-24,1590.4,1509.5190775641622
2022-11-25,1581.86,1516.4086892247183
2022-11-28,1594.57,1523.852623584269
2022-11-29,1610.22,1532.0780880048146
2022-11-30,1594.23,1537.9973177186419
2022-12-01,1594.17,1543.347096983533
2022-12-02,1656.28,1554.1026115565298
2022-12-05,1708.45,1568.8023628368603
2022-12-06,1722.55,1583.4449949476355
2022-12-07,1724.41,1596.870233524051
2022-12-08,1728.83,1609.4378303312842
2022-12-09,1748.61,1622.6923226806857
2022-12-12,1717.12,1631.6854348063348
2022-12-13,1709.85,1639.1296791104935
2022-12-14,1659.18,1641.0392334809226
2022-12-15,1671.77,1643.965973149406
2022-12-16,1691.91,1648.5320709447005
2022-12-19,1677.87,1651.3261594261576
2022-12-20,1726.08,1658.4455728141425
2022-12-21,1688.69,1661.3259944508907
2022-12-22,1644.85,1659.7568521222345
2022-12-23,1652.16,1659.0333423963073
2022-12-26,1683.96,1661.407309787135
2022-12-27,1735.67,1668.479946950265
2022-12-28,1722.03,1673.5799520026208
2022-12-29,1756.15,1681.4437660976093
2022-12-30,1755.64,1688.510074088313
2023-01-02,1750.89,1694.4510194132356
2023-01-03,1779.44,1702.5452080405464
2023-01-04,1801.04,1711.9256644176373
2023-01-05,1750.66,1715.6146487588148
2023-01-06,1797.89,1723.4503964960707
2023-01-09,1843.27,1734.8617873059688
2023-01-10,1823.25,1743.279712324448
2023-01-11,1836.97,1752.2025968649766
2023-01-12,1854.04,1761.9013971635502
2023-01-13,1863.48,1771.5755498146407
2023-01-16,1845.77,1778.641687927532
2023-01-17,1824.19,1782.9796224106242
2023-01-18,1824.08,1786.893944085803
2023-01-19,1863.32,1794.1726160776313
2023-01-20,1882.29,1802.5647478797616
2023-01-23,1870.49,1809.0338195102604
2023-01-24,1897.22,1817.432503366426
2023-01-25,1800.7,1815.8389316172427
2023-01-26,1838.66,1818.012366701315
2023-01-27,1781.81,1814.5645222535707
2023-01-30,1770.9,1810.405996324659
2023-01-31,1735.92,1803.3120919127866
2023-02-01,1696.16,1793.1071307782354
2023-02-02,1732.28,1787.3140707041177
2023-02-03,1718.39,1780.7498734942017
2023-02-06,1729.79,1775.8965522090398
2023-02-07,1729.02,1771.4321186653217
2023-02-08,1744.56,1768.8728692686243
2023-02-09,1747.67,1766.8535483858982
2023-02-10,1708.01,1761.2494009205748
2023-02-13,1739.32,1759.1608865471867
2023-02-14,1724.56,1755.865564018883
2023-02-15,1676.93,1748.34789125518
2023-02-16,1664.68,1740.3795206594486
2023-02-17,1710.32,1737.5167091680726
2023-02-20,1737.17,1737.4836892473038
2023-02-21,1726.97,1736.4823855094653
2023-02-22,1716.8,1734.607872603802
2023-02-23,1707.55,1732.0309323558208
2023-02-24,1772.06,1735.8432245124093
2023-02-27,1784.95,1740.5200602731322
2023-02-28,1799.48,1746.1352926280722
2023-03-01,1833.58,1754.4633599968272
2023-03-02,1842.19,1762.8182780923676
2023-03-03,1834.34,1769.6298706549992
2023-03-06,1828.59,1775.2451210688089
2023-03-07,1826.96,1780.1703476336843
2023-03-08,1826.47,1784.579838335238
2023-03-09,1851.12,1790.916996589025
2023-03-10,1853.59,1796.885854056737
2023-03-13,1878.78,1804.6852965275239
2023-03-14,1876.8,1811.5533635249026
2023-03-15,1880.21,1818.092090808245
2023-03-16,1813.33,1817.638558350317
2023-03-17,1843.97,1820.1463146979058
2023-03-20,1856.21,1823.5809513933434
2023-03-21,1890.29,1829.934194117787
2023-03-22,1792.5,1826.3690327732359
2023-03-23,1860.6,1829.6291248900707
2023-03-24,1856.67,1832.2044463291115
2023-03-27,1894.45,1838.1325942977676
2023-03-28,1859.75,1840.1913948408373
2023-03-29,1881.0,1844.0779286655195
2023-03-30,1846.09,1844.2695545068987
2023-03-31,1826.1,1842.5391207443367
2023-04-03,1889.74,1847.0344425782096
2023-04-04,1884.01,1850.5559242374277
2023-04-05,1892.14,1854.5163124052917
2023-04-06,1922.53,1860.9938064619307
2023-04-07,1940.45,1868.5610629893658
2023-04-10,1946.48,1875.981914133236
2023-04-11,1960.05,1883.9883985014992
2023-04-12,2045.63,1899.3828367394517
2023-04-13,2044.32,1913.1863760975991
2023-04-14,2052.54,1926.4581498025898
2023-04-17,2092.18,1942.2411831547242
2023-04-18,2134.65,1960.5658323780838
2023-04-19,2181.11,1981.5700388182663
2023-04-20,2207.06,2003.0452732165265
2023-04-21,2162.54,2018.2352471959048
2023-04-24,2226.99,2038.1166522248661
2023-04-25,2181.92,2051.812209155831
2023-04-26,2194.68,2065.4186654267046
2023-04-27,2165.76,2074.9749830051137
2023-04-28,2164.13,2083.4659370046265
2023-05-01,2177.8,2092.4501334803763
2023-05-02,2191.27,2101.861549339388
2023-05-03,2208.79,2112.0452113070655
2023-05-04,2273.83,2127.453286420678
2023-05-05,2293.3,2143.2482115234707
2023-05-08,2284.14,2156.666477092664
2023-05-09,2324.69,2172.668717369553
2023-05-10,2375.4,2191.976458572453
2023-05-11,2323.86,2204.536795851267
2023-05-12,2349.78,2218.36948196067
2023-05-15,2380.37,2233.7981027263204
2023-05-16,2368.57,2246.63352151429
2023-05-17,2428.17,2263.9227099415
2023-05-18,2422.59,2279.0338804232624
2023-05-19,2429.03,2293.3192251448563
2023-05-22,2422.44,2305.616441797727
2023-05-23,2424.09,2316.899637816991
2023-05-24,2377.22,2322.6444342153727
2023-05-25,2316.55,2322.0640119091468
2023-05-26,2383.97,2327.9598202987518
2023-05-29,2348.57,2329.9226945560135
2023-05-30,2307.6,2327.796723645917
2023-05-31,2219.08,2317.4427499653534
2023-06-01,2194.45,2305.729154730558
2023-06-02,2143.06,2290.236854280029
2023-06-05,2207.26,2282.33429672955
2023-06-06,2248.26,2279.0891256124496
2023-06-07,2221.32,2273.58730412555
2023-06-08,2312.26,2277.2704180183546
2023-06-09,2354.05,2284.5827591594634
2023-06-12,2341.23,2289.97773447761
2023-06-13,2236.84,2284.9169978606947
2023-06-14,2329.97,2289.2077599692
2023-06-15,2272.62,2287.627973305467
2023-06-16,2206.22,2279.8748329906607
2023-06-19,2247.72,2276.812467943931
2023-06-20,2347.32,2283.5274709968903
2023-06-21,2406.75,2295.2629499495674
2023-06-22,2432.14,2308.29885947818
2023-06-23,2459.15,2322.6656347659728
2023-06-26,2497.91,2339.3555743120705
2023-06-27,2533.04,2357.8017100918732
2023-06-28,2546.87,2375.8082138926475
2023-06-29,2552.67,2392.652193521919
2023-06-30,2550.81,2407.7148417579265
2023-07-03,2517.21,2418.1429520666957
2023-07-04,2505.5,2426.462670917487
2023-07-05,2430.15,2426.813845115821
2023-07-06,2426.82,2426.814431295267
2023-07-07,2384.61,2422.7949616480987
2023-07-10,2338.2,2414.738298633994
2023-07-11,2346.7,2408.258460668852
2023-07-12,2406.44,2408.0852739384854
2023-07-13,2447.18,2411.808581182439
2023-07-14,2378.98,2408.6820496412543
2023-07-17,2337.55,2401.9075687230397
2023-07-18,2378.07,2399.63732408275
2023-07-19,2336.97,2393.6690075034408
2023-07-20,2328.45,2387.457673455494
2023-07-21,2352.44,2384.1226569359233
2023-07-24,2312.38,2377.2900229420256
2023-07-25,2317.69,2371.6138302808804
2023-07-26,2262.96,2361.2658464446063
2023-07-27,2239.37,2349.656718211787
2023-07-28,2253.16,2340.4665545725693
2023-07-31,2189.45,2326.084025565658
2023-08-01,2207.69,2314.8084040832146
2023-08-02,2207.79,2304.6161751229083
2023-08-03,2230.63,2297.56987273025
2023-08-04,2240.51,2292.1355991368932
2023-08-07,2296.42,2292.5436373143316
2023-08-08,2302.52,2293.493767093919
2023-08-09,2285.64,2292.74578927545
2023-08-10,2291.59,2292.63571410636
2023-08-11,2314.91,2294.757074667659
2023-08-14,2317.87,2296.9583056516913
2023-08-15,2320.5,2299.2003717801017
2023-08-16,2292.1,2298.5241458962823
2023-08-17,2265.67,2295.395179620446
2023-08-18,2209.37,2287.20230537088
2023-08-21,2279.84,2286.5011334307965
2023-08-22,2229.7,2281.0915016754825
2023-08-23,2202.79,2273.6342158016273
2023-08-24,2175.18,2264.2576238205197
2023-08-25,2211.09,2259.194040599518
2023-08-28,2200.24,2253.5793700662307
2023-08-29,2250.53,2253.288953869447
2023-08-30,2224.15,2250.5138154056904
2023-08-31,2236.21,2249.151547271815
2023-09-01,2203.48,2244.8018761030708
2023-09-04,2289.44,2249.053125998016
2023-09-05,2241.42,2248.3261616172526
2023-09-06,2254.81,2248.9436700346573
2023-09-07,2281.44,2252.038558602785
2023-09-08,2299.35,2256.5444101644243
2023-09-11,2292.6,2259.9782758630504
2023-09-12,2288.16,2262.662249590379
2023-09-13,2290.88,2265.349654391295
2023-09-14,2285.73,2267.2906396873623
2023-09-15,2326.3,2272.9105787647563
2023-09-18,2419.79,2286.899095072875
2023-09-19,2396.48,2297.3353717326013
2023-09-20,2338.35,2301.2415268056866
2023-09-21,2335.57,2304.5109052051453
2023-09-22,2444.96,2317.887009471322
2023-09-25,2410.56,2326.7130085692916
2023-09-26,2482.65,2341.5641506103116
2023-09-27,2558.62,2362.2361362664724
2023-09-28,2534.14,2378.607932812523
2023-09-29,2561.11,2395.989082068473
2023-10-02,2637.2,2418.9615504429044
2023-10-03,2620.26,2438.132831353104
2023-10-04,2611.71,2454.663990271856
2023-10-05,2585.41,2467.1159911983464
2023-10-06,2539.22,2473.9830396556467
2023-10-09,2510.56,2477.4665596884424
2023-10-10,2456.25,2475.44593495621
2023-10-11,2458.74,2473.854893531809
2023-10-12,2425.65,2469.263951290684
2023-10-13,2436.83,2466.1750035487144
2023-10-16,2369.55,2456.9726222583604
2023-10-17,2384.62,2450.0818963289926
2023-10-18,2421.35,2447.3455252500407
2023-10-19,2335.42,2436.6859514167036
2023-10-20,2352.08,2428.6282417579696
2023-10-23,2405.0,2426.3779330191155
2023-10-24,2353.59,2419.4457489220567
2023-10-25,2425.39,2420.011868072337
2023-10-26,2444.65,2422.3583568273525
2023-10-27,2414.61,2421.6204180818904
2023-10-30,2413.15,2420.8137115979007
2023-10-31,2438.37,2422.485739064767
2023-11-01,2442.68,2424.4090020109797
2023-11-02,2467.35,2428.498620867077
2023-11-03,2427.44,2428.397799832117
2023-11-06,2435.81,2429.10372365763
2023-11-07,2374.8,2423.931940452141
2023-11-08,2371.0,2418.890803266223
2023-11-09,2333.37,2410.745964859916
2023-11-10,2303.41,2400.5234920161142
2023-11-13,2355.58,2396.243159443151
2023-11-14,2402.8,2396.867620448565
2023-11-15,2430.1,2400.032608977273
2023-11-16,2383.3,2398.4390271699135
2023-11-17,2370.68,2395.7953102965885
2023-11-20,2423.39,2398.4233759826275
2023-11-21,2430.54,2401.4821020795202
2023-11-22,2532.98,2414.00571140528
2023-11-23,2551.93,2427.1413579381106
2023-11-24,2561.77,2439.963133372576
2023-11-27,2548.54,2450.3037873370927
2023-11-28,2555.69,2460.3405694954645
2023-11-29,2549.7,2468.850991448277
2023-11-30,2583.21,2479.7423255960603
2023-12-01,2628.73,2493.9316279202453
2023-12-04,2592.59,2503.3276633564124
2023-12-05,2531.51,2506.0116954177065
2023-12-06,2448.85,2500.567724425544
2023-12-07,2472.22,2497.8679411469207
2023-12-08,2424.11,2490.8433753234044
2023-12-11,2331.14,2475.633530054509
2023-12-12,2348.38,2463.5141462397937
2023-12-13,2454.7,2462.674703740766
2023-12-14,2455.41,2461.982827194026
2023-12-15,2493.45,2464.979700794595
2023-12-18,2498.12,2468.1359197665383
2023-12-19,2494.67,2470.662975026868
2023-12-20,2536.94,2476.9750726433567
2023-12-21,2524.7,2481.52030382018
2023-12-22,2537.86,2486.885989170639
2023-12-25,2553.57,2493.2368473448637
2023-12-26,2523.89,2496.1561952167813
2023-12-27,2569.97,2503.1860813866115
2023-12-28,2562.9,2508.8731212545536
2023-12-29,2529.06,2510.7956811350723
